Name,Genre
A Woman playing a clavichord.jpg,Genre
Aristotle with a bust of homer - Rembrant.jpg,Portraiture
Bacchanal before a Statue of Pan - Poussin.jpg,Genre
Charles I with M. de St. Antoine - van Dyck.jpg,Portraiture
Death of the Virgin - Caravaggio.jpg,History Genre
Deposition - Caravaggio.jpg,History Genre
Education of the Princess - Paul Reubens.jpg,History Genre
Girl with a pearl earring - vermeer.jpg,Portraiture
Judith and her maidservant with the head of Holofernes - Gentileschi.jpg,History Genre
Judith Slaying Holofernes - Gentileschi.jpg,History Genre
las meninas - Velazquez.jpg,Portraiture
Louis XIV - Rigaud.jpg,Portraiture
Old Woman Cooking Eggs - 1618.jpg,Genre
Portrait of Charles II - Wright.jpg,Portraiture
Quince Cabbage Melon and Cucumber - Cotan.jpg,Still life
Samson and Delilah - Rubens.jpg,History Genre
Samson and Delilah - van Dyck.jpg,History Genre
Self Portrait - Rembrant.jpg,Portraiture
Self-portrait - Leyster.jpg,Portraiture
Singing boy with a flute - Hals.jpg,Genre
St. John the Baptist in Wilderness - Caravaggio.jpg,History Genre
Still life with a sliver ewer - Kalf.jpg,Still life
Still Life with Ebony Chest - Pereda.jpg,Still life
Still Life with Flowers etc - Peeters.jpg,Still life
The Anatomy Lesson of Dr. Nicolaes Tuple - Rembrant.jpg,History Genre
The Arrival of Marie de Medici at Marseille - rubens.jpg,History Genre
The art of painting - vermeer.jpg,Genre
The Calling of Saint Matthew - Caravaggio.jpg,History Genre
The Consequences of War - Rubens.jpg,History Genre
The Crowning with Thorns - Caravaggio.jpg,History Genre
The Crucifixion of St. Peter - Caravaggio.jpg,History Genre
The Feast of St Nicholas - Steen.jpg,Genre
The Geographer - Vermeer.jpg,Genre
The Immaculate Conception of Los Venerables - Murillo.jpg,History Genre
The Jewish Bride - Rembrant.jpg,Genre
The Jewish Cemetary - Ruisdael.jpg,Landscape
The Martyrdom of Saint Serapion - Zurbaran.jpg,History Genre
The Night Watch - Rembrant.jpg,Portraiture
The Presentation of the Portrait of Marie de' Medici - Rubens.jpg,History Genre
The Proposition - Leyster.jpg,Genre
The Rape of the Daughters of Leucippus.jpg,History Genre
The Supper at Emmaus - Caravaggio.jpg,History Genre
The Triumph of Bacchus - Velazquez.jpg,History Genre
The Waterseller of Seville - Velazquez.jpg,Genre
Venus Mars and Cupid - Rubens.jpg,History Genre
View of Haarlen with Bleaching Grounds - Ruisdael.jpg,Landscape
Vulcan's Forge - Velazquez.jpg,History Genre
Woman with a water jug - Vermeer.jpg,Genre
Women Regents - Hals.jpg,Portraiture
Big Nude - Braque.jpg,Genre
Bottle and Fishes - Braque.jpg,Still life
Bottle and Glass on a Table - Gris.jpg,
Clarinet and Bottle of Rum on a Mantlepiece - Braque.jpg,Still life
Contrast of Forms - Leger.jpg,
Cubist Self Portrait - Dali.jpg,Portraiture
Daniel-Henry Kahnweiler - Picasso.jpg,Portraiture
Dora Maar au Chat - Picasso.jpg,Portraiture
Fruit Dish and Glass - Braque.jpg,Still life
Gala and the Angelus of Millet - Dali.jpg,Genre
Girl Before A Mirror - Picasso.jpg,Genre
Girl with Mandolin - Picasso.jpg,Portraiture
Gueridon - Braque.jpg,Still life
Guernica - Picasso.jpg,History Genre
Guitar - Picasso.jpg,Still life
Houses at l'Estaque - Braque.jpg,Landscape
Jacqueline Kneeling - Picasso.jpg,Portraiture
L'Oiseau bleu - Metzinger.jpg,Genre
La Femme aux Phlox - Gleizes.jpg,Genre
Ma Joile - Picasso.jpg,
Man with a Pipe - Picasso.jpg,Portraiture
Nature morte au compotier - Picasso.jpg,Still life
Nude Descending a Staircase - Duchamp.jpg,Genre
Painter and Model - Picasso.jpg,Genre
Paris Through a Window - Chagall.jpg,Landscape
Portrait of Ambroise Vollard - Picasso.jpg,Portraiture
Portrait of Dora Maar - Picasso.jpg,Portraiture
Portrait of Pablo Picasso - Gris.jpg,Portraiture
Self Portrait with Seven Fingers - Chagall.jpg,Portraiture
Still life with Clarinet - Braque.jpg,Still life
The City - Delaunay.jpg,Landscape
The City - Leger.jpg,Landscape
The Eiffel Tower - Delaunay.jpg,Landscape
The Green Violinist - Chagall.jpg,Genre
The Open Window - Gris.jpg,Still life
The Portuguese - Braque.jpg,Still life
The Reservoir - Picasso.jpg,Landscape
The Round Table - Braque.jpg,Still life
The Table - Gris.jpg,Still life
Three Musicians - Picasso.jpg,Genre
Three Women - Picasso.jpg,Still life
Violin and Candlestick - Braque.jpg,Still life
Violin and Checkerboard - Gris.jpg,Still life
Violin and Guitar - Gris.jpg,Still life
Violin and Palette - Braque.jpg,Still life
Woman in Hat with a Fur Collar - Picasso.jpg,Portraiture
Woman with Guitar - Braque.jpg,Genre
Zapata-style Landscape - Rivera.jpg,Landscape
Guitar on a table - Gris.jpeg,Still life
All Saints - Kandinsky.jpg,History Genre
All Saints I - Kandinsky.jpg,History Genre
Blue Horse I - Marc.jpg,Genre
Blue Horses - Marc.jpg,Genre
Boy Leading a Horse - Picasso.jpg,Genre
Castle and Sun - Klee.jpg,Landscape
Death in a Sickroom - Munch.jpg,Genre
Dog Lying in the Snow - Marc.jpg,Genre
Evening on Karl Johan Street - Munch.jpg,Genre
Fighting Forms - Marc.jpg,
Girls on the Bridge - Munch.jpg,Genre
Grazing Horses IV - Marc.jpg,Genre
Harmony in Red - Matisse.jpg,Genre
Hermits - Schiele.jpg,Genre
Improvisation 28 - Kandinsky.jpg,
L'Atelier Rouge - Matisse.jpg,Still life
Little Blue Horse - Marc.jpg,Genre
Love and Pain - Munch.jpg,Genre
Migrants - Portinari.jpg,Genre
Nude at Rest - Balthus.jpg,Genre
Nude Sitting on a Divan - Modigliani.jpg,Genre
Portrait of Luna Czechowski - Modigliani.jpg,Portraiture
Portrait of Wally - Schiele.jpg,Portraiture
Potsdamer Platz - Kirchner.jpg,Genre
Puberty - Munch.jpg,Genre
Seated Male Nude - Schiele.jpg,Portraiture
Seated Nude - Modigliani.jpg,Portraiture
Seated Woman with Bent Knee - Schiele.jpg,Portraiture
Self Portrait - Picasso.jpg,Portraiture
Self Portrait as a Soldier - Kirchner.jpg,Portraiture
Self Portrait with Chinese Lantern Plant - Schiele.jpg,Portraiture
Small Pleasures - Kandinsky.jpg,
Street Berlin - Kirchner.jpg,Genre
Street Dresden - Kirchner.jpg,Genre
The Absinthe Drinker - Picasso.jpg,Genre
The Blue Rider - Kandinsky.jpg,Genre
The Dance of Life - Munch.jpg,Genre
The Scream - Munch.jpg,Portraiture
The World Cow - Marc.jpg,Genre
The Yellow Man - Malfatti.jpg,Genre
Tower of Blue Horses - Marc.jpg,Genre
Yellow Cow - Marc.jpg,Genre
Young girl in a flowered hat - Jawlensky.jpg,Genre
Young girl with yellow flowers in the glass - Becker.jpg,Genre
Death and Fire - Klee.jpeg,Genre
Fish Magic - Klee.jpeg,Still life
La Blouse Roumaine - Matisse.jpeg,Genre
Portrait of Gertrude Stien - Picasso.jpeg,Portraiture
The Old Guitarist - Picasso.jpeg,Genre
Banks of the Seine at Chatou - Vlaminck.jpg,Landscape
Boats at Martigues - Dufy.jpg,Landscape
Bonheur de Vivre - Matisse.jpg,Genre
Charing Cross Bridge - Derain.jpg,Landscape
Church Tower at Domburg - Mondrian.jpg,Landscape
Collioure Interior - Matisse.jpg,Genre
Dance - Matisse.jpg,Genre
Dune IV - Mondrain.jpg,Landscape
Goldfish - Matisse.jpg,Still life
Lady in the hat - Mashkov.jpg,Portraiture
Landscape near Antwerp - Braque.jpg,Landscape
Landscape Near Chatou - Derain.jpg,Landscape
Landscape with Red Roofs - Vlaminck.jpg,Landscape
Le cafe Maure - Matisse.jpg,Genre
Les Toit de Collioure - Matisse.jpg,Landscape
Luxe - Matisse.jpg,Genre
Mountains at Collioure - Derain.jpg,Landscape
Notre Dame - Matisse.jpg,Landscape
Portrait of Andre Derain - Matisse.jpg,Portraiture
Portrait of Matisse - Derain.jpg,Portraiture
Portrait of the Son - Konchalovsky.jpg,Portraiture
Prades the Village - Miro.jpg,Landscape
Regent Street - Derain.jpg,Genre
Self Portrait - Matisse.jpg,Portraiture
Ship at La Harve - Braque.jpg,Landscape
Street Lamp - Marquet.jpg,Landscape
The Blue Nude - Matisse.jpg,Genre
The Blue Window - Matisse.jpg,Still life
The Corn Poppy - Dongen.jpg,Genre
The Dance - Derain.jpg,Genre
The Estaque - Braque.jpg,Landscape
The Green Line - Matisse.jpg,Portraiture
The Moulade - Matisse.jpg,Landscape
The Open Window - Matisse.jpg,Landscape
The Turning Road - Derain.jpg,Genre
Turkisches Cafe - Macke.jpg,Genre
Windmill in Sunlight - Mondrain.jpg,Landscape
Window Opening on Nice - Dufy.jpg,Landscape
Woman with a Hat - Matisse.jpg,Portraiture
Zorah on the Terrace - Matisse.jpg,Portraiture
Bougival - Vlaminck.jpeg,Landscape
Portrait of Derain - Vlaminck.jpeg,Portraiture
Posters at Trouville - Dufy.jpeg,Genre
Self Portrait with a Cap - Derain.jpeg,Portraiture
Still life with Grapes - Mashov.jpeg,Still life
The Piano Lesson - Matisse.jpeg,History Genre
The Red Mill - Mondrian.jpeg,Landscape
The River Seine at Chatou - Vlaminck.jpeg,Landscape
Tugboat on the Siene - Vlaminck.jpeg,Landscape
A Girl with a Watering Can - Renoir.jpg,Genre
A Stream Beneath the Poplars - Perry.jpg,Landscape
At the Races in the Countryside - degas.jpg,Genre
Autumn Effect at Argenteuil - Monet.jpg,Landscape
Autumn-Banks of the Seine near Bougival - Sisley.jpg,Landscape
Boulevard de Capucines - Monet.jpg,Landscape
Cafe-Concert at Les Ambassadeurs - Degas.jpg,Genre
Camille Monet and a Child in the Artist's Garden at Argenteuil - Monet.jpg,Portraiture
Caprice in Purple and Gold - Whistler.jpg,Portraiture
Cliff Walk at Pourville - Monet.jpg,Landscape
Dal du moulin de la Galette - Renoir.jpg,Genre
Girl with Peaches - Serov.jpg,Portraiture
Grainstack - Monet.jpg,Landscape
Haystacks - Monet.jpg,Landscape
Hoarfrost - Pissarro.jpg,Landscape
Hunting Butterflies - Morisot.jpg,Genre
In the Loge - Cassatt.jpg,Genre
La Gare Saint-Lazare - Monet.jpg,Landscape
La Loge - Renoir.jpg,Genre
La Promenade - Renoir.jpg,Genre
Les Bain a la Grenoullere - Monet.jpg,Genre
Little Girl in a Blue Armchair - Cassatt.jpg,Genre
Luncheon on the Grass - Monet.jpg,Genre
Madame Georges Charpentier - Renoir.jpg,Portraiture
Man at his Bath - Caillebotte.jpg,Genre
Poplars - Monet.jpg,Landscape
Study - Renior.jpg,Genre
The Basin at Argenteuil - Monet.jpg,Genre
The Bellelli Family - Degas.jpg,Portraiture
The Childs Bath - Cassatt.jpg,Genre
The Cradle - Morisot.jpg,Genre
The Girl Covered by the Sun - Serov.jpg,Portraiture
The Grands Boulevard - Renoir.jpg,Genre
The Harbor at Lorient - Morisot.jpg,Genre
The Swing - Renoir.jpg,Genre
The Water Lilies - Monet.jpg,Landscape
Two Sisters - Renoir.jpg,Portraiture
Visit to a Museum - Degas.jpg,Genre
Woman with the Pearl Necklace - Cassatt.jpg,Genre
Women in the Garden - Monet.jpg,Genre
Floor Scrappers - Caillebotte.jpeg,Genre
Impression Sunrise - Monet.jpeg,Genre
Luncheon of the Boating Party - Renoir.jpeg,Genre
Paris Street Rainy Day - Caillebotte.jpeg,Genre
Poppies - Monet.jpeg,Genre
The Ballet Class - Degas.jpeg,Genre
The Boulevard Montmarte - Pissaro.jpeg,Genre
Woman with a Parasol - Monet.jpeg,Genre
Women Walking on a Beach - Sorolla.jpeg,Genre
Achilles Receiving the Ambassadors of Agamemnon.jpg,History Genre
Ancient Rome - Panini.jpg,Landscape
Aqueduct in Ruins - Robert.jpg,Genre
Benjamin Franklin Drawing Electricity from the Sky - West.jpg,Portraiture
Charles Towneley in his sculpture gallery - Zoffany.jpg,History Genre
Cornelia Pointing to her Children as Her Treasures - Kauffmann.jpg,History Genre
Diana and Cupid - Batoni.jpg,History Genre
Fantasy view - Panini.jpg,Landscape
Johann Joachim Winckelmann.jpg,Portraiture
Judgement of Paris - Mengs.jpg,History Genre
Julie Lebrun as Flora - Le Brun.jpg,Portraiture
Jupiter and Thetis - Ingres.jpg,History Genre
Madame Raymod de Verninac - David.jpg,Portraiture
Modern Romania - Tattarescu.jpg,History Genre
Napoleon Crossing the Alps - David.jpg,History Genre
Napoleon I on his Imperial Throne - Ingres.jpg,Portraiture
Perseus and Andromeda - Leighton.jpg,History Genre
Portrait of Antoine-Laurent Lavoisier and his wife - David.jpg,Portraiture
Portrait of Citizen Jean-Baptiste Belley - Trioson.jpg,Portraiture
Portrait of Madame Recamier - David.jpg,Portraiture
Portrait of Madeline - Benoist.jpg,Portraiture
Portrait of Susanna van Collen nee Mogge and her daughter - Numan.jpg,Portraiture
Self-portrait - Benoist.jpg,Portraiture
The Anger of Achilles - David.jpg,History Genre
The Architects Dream - Cole.jpg,Landscape
The Death of Nelson - West.jpg,History Genre
The Death of Seneca - David.jpg,History Genre
The Death of Socrates - David.jpg,History Genre
The Emperor Napoleon in his Study at the Tuileries - David.jpg,Portraiture
The Intervention of the Sabine Woman - David.jpg,History Genre
The Lictors Returning to Brutus the Bodies of his sons - David.jpg,History Genre
The Sleep of Endymion - Girodet.jpg,History Genre
Virgil reading to Augustus - Ingres.jpg,History Genre
Burial of Atala - Trioson.jpeg,History Genre
Dante and Virgil - Bouguereau.jpeg,History Genre
L'excommunication de Robert le Pieux - Laurens.jpeg,History Genre
Leonidas at Thermopylae - David.jpeg,History Genre
Oedipus Explaining the Enigma of the Sphinx - Ingres.jpeg,History Genre
Portrait of Monsieur Bertin - Inres.jpeg,Portraiture
Princesse de Broglie - Ingres.jpeg,Portraiture
The Artist and His Family - West.jpeg,Portraiture
The Coronation of Napoleon - David.jpeg,History Genre
The Cupid Seller - Vien.jpeg,Genre
The Damsel and Orlando - West.jpeg,History Genre
The Death of General Wolfe - West.jpeg,History Genre
The Death of Leonardo da Vinci - Ingres.jpeg,History Genre
The Death of Marat - David.jpeg,History Genre
The Explusion of Adam and Eve from Paradise - West.jpeg,History Genre
The Oath of Horatii - David.jpeg,History Genre
A Sunday on La Grande Jatte.jpg,Genre
A Wheatfield with Cypresses - van Gogh.jpg,Landscape
Arearea - Gauguin.jpg,Genre
At the Moulin Rouge - Lautrec.jpg,Genre
Bathers - Cezanne.jpg,Genre
Boy in a Red Vest - Cezanne.jpg,Portraiture
Breton Girls Dancing - Gauguin.jpg,Genre
Cafe Terrace at Night - van Gogh.jpg,Genre
Coastal Landscape from Martinique - Gauguin.jpg,Genre
Coming and Going - Gauguin.jpg,Genre
Day of God - Gauguin.jpg,History Genre
Evening Calm - Signac.jpg,Landscape
Harvest at La Crau - van Gogh.jpg,Landscape
Irises - van Gogh.jpg,Still life
Le Chahut - Seurat.jpg,Genre
Madame Cezanne - Cezanne.jpg,Portraiture
Models - Seurat.jpg,Genre
Mont Sainte-Victorie - Cezanne.jpg,Landscape
Morning Calm - Signac.jpg,Landscape
Parade de cirque - Seurat.jpg,Genre
Paul Alexis reading to Emile Zola - Cezanne.jpg,Portraiture
Road with Cypress and Star - van Gogh.jpg,Genre
Seascape Near Les Saintes - van Gogh.jpg,Landscape
Self-portrait dedicated to Vincent van Gogh - Gauguin.jpg,Portraiture
Self-portrait in a hat - Gauguin.jpg,Portraiture
Self-portrait with bandaged ear - van gogh.jpg,Portraiture
Spirit of the Dead Watching - Gauguin.jpg,Genre
Starry Night over the Rhone - van Gogh.jpg,Landscape
Still Life with Plaster Cupid - Cezanne.jpg,Still life
The Basket of Apples - Cezanne.jpg,Still life
The Bather - Cezanne.jpg,Genre
The Bedroom - van Gogh.jpg,Landscape
The Card Players - Cezanne.jpg,Genre
The Church at Auvers - van Gogh.jpg,Landscape
The Dream - Rosseau.jpg,Genre
The Mango Trees - Gauguin.jpg,Genre
The Painter of Sunflowers - Gauguin.jpg,Portraiture
The Red Cow - Gauguin.jpg,Genre
The Red Rock - Cezanne.jpg,Landscape
The Sleeping Gypsy - Rosseau.jpg,Genre
The Starry Night - van Gogh.jpg,Landscape
Tiger in a Tropical Storm - Rosseau.jpg,Genre
Tropical Conversation - Gauguin.jpg,Genre
Turning Road at Montgeroult - Cezanne.jpg,Landscape
Vision after the Sermon - Gauguin.jpg,Genre
Wheatfield with Crows - van Gogh.jpg,Landscape
When will you marry - Gauguin.jpg,Genre
Self-portrait dedicated to Paul Gauguin - van Gogh.jpeg,Portraiture
Still Life with Apples - Cezanne.jpeg,Still life
A Burial at Ornans - Courbet.jpg,Genre
A Loge at the Theater des Italiens - Gonzales.jpg,Genre
Autum Day - Levitan.jpg,Landscape
Autumn Bouquet - Repin.jpg,Portraiture
Bar at the Folies-Bergere - Manet.jpg,Genre
Barge Haulers on the Volga - Repin.jpg,Genre
Beach at Scheveningen in Stormy Weather - van Gogh.jpg,Genre
Corner of a Cafe-Concert - Manet.jpg,Genre
Emile Zola - Manet.jpg,Portraiture
Family Portrait - Ostade.jpg,Portraiture
Femme nu Couchee - Courbet.jpg,Genre
Golden Autumn - Levitan.jpg,Landscape
Hawning Apprentice - Mankacsy.jpg,Portraiture
Hunters at Rest - Perov.jpg,Genre
In the Conservatory - Manet.jpg,Genre
Ivan the Terrible and His Son Ivan - Repin.jpg,History Genre
Jewess with Oranges - Gierymski.jpg,Portraiture
L'Angelus - Millet.jpg,Genre
La rencontre - Courbet.jpg,History Genre
Les Demoiselles du bord de la Seine - Courbet.jpg,Genre
Morning in a Pine Forest - Shishkin.jpg,Genre
Music in the Tuileries Gardens - Manet.jpg,Genre
Olympia - Manet.jpg,Portraiture
Ploughing in the Nivernais - Bonheur.jpg,Landscape
Plum Brandy - Manet.jpg,Genre
Portrait of an Unknown Woman - Kramskoi.jpg,Portraiture
Science and Charity - Picasso.jpg,Genre
Sheep in the Highlands - Bonheur.jpg,Landscape
Skull of a Skeleton with Burning Cigarette - van Gogh.jpg,Portraiture
Taking a Snow Town - Surikov.jpg,History Genre
The Apotheosis of War - Vereschchagin.jpg,Genre
The Daughters of Edward Darley Boit.jpg,Portraiture
The Fifer - Manet.jpg,Portraiture
The First Mourning - Bouguereau.jpg,History Genre
The Gleaners - Millet.jpg,Genre
The Little Cavaliers - Manet.jpg,Genre
The Morning of the Streltsy Execution - Surikov.jpg,History Genre
The Painter's Studio - Courbet.jpg,History Genre
The Railway - Manet.jpg,Genre
The Rooks Have Come Back - Savrasov.jpg,Landscape
The Violoncellist - Courbet.jpg,Portraiture
The Wheat Sifters - Courbet.jpg,Genre
Valley of the Loue - Courbet.jpg,Landscape
Whistler's Mother - Whistler.jpg,Portraiture
Luncheon on the Grass - Manet.jpeg,Genre
Silent Monastary - Levitan.jpeg,Landscape
The Potato Eaters - van Gogh.jpeg,Genre
The Shepherdess - Bouguereau.jpeg,Portraiture
The Stone Breakers - Courbet.jpeg,Genre
A goldsmith in his shop - Christus.jpg,Genre
Adoration of the Kings - van der Goes.jpg,History Genre
Adoration of the Magi - Botticelli.jpg,History Genre
Arnolfini Portrait - van Eyck.jpg,Portraiture
Baptism of Christ - Verrocchio.jpg,History Genre
Birth of the Virgin - Ghirlandaio.jpg,History Genre
Calumny of Apelles - Botticelli.jpg,History Genre
Christ and the Virgin - Campin.jpg,History Genre
Christ Giving the Keys of the Kingdom to St. Peter - Perugino.jpg,History Genre
Crucifixion with the Virgin and St. John - van der weyden.jpg,History Genre
Danae - Correggio.jpg,History Genre
Death of the Virgin - Mantegna.jpg,History Genre
La Primavera (Spring) - Botticelli.jpg,History Genre
Lamentation of Christ - Mantegna.jpg,History Genre
Madonna and Child - Crivelli.jpg,Portraiture
Madonna and Child with Two Angels - Fra Filippo Lippi.jpg,Portraiture
Madonna in the Church - van Eyck.jpg,History Genre
Madonna of the Meadow - Raphael.jpg,History Genre
Miracle of the Relic of the Cross at the Rialto Bridge - Carpaccio.jpg,History Genre
Mona Lisa - da Vinci.jpg,Portraiture
Pastoral Concert - Titian.jpg,Genre
Pieta - Bellini.jpg,History Genre
Pieta of Villeneuve les avignon.jpg,History Genre
Portrait of a Man with a Medal of Cosimo il Vecchio de' Medici - Botticelli.jpg,Portraiture
Portrait of a Young Girl - Christus.jpg,Portraiture
Portrait of a Young Woman - Botticelli.jpg,Portraiture
Portrait of Eleonora Gonzaga - Titian.jpg,Portraiture
Portrait of Francesco Maria Della Rovere - Titian.jpg,Portraiture
Portrait of Pope Julius II - Raphael.jpg,Portraiture
Portrait of Sultan Mehmed II - Bellini.jpg,Portraiture
Saint Luke Painting the Madonna - Gossaert.jpg,History Genre
Saint Sebastian - Mentegna.jpg,History Genre
School of Athens - Raphael.jpg,Genre
Self Portrait - Durer.jpg,Portraiture
Sleeping Venus - Giorgione.jpg,Genre
The Ambassadors - Holbein.jpg,Portraiture
The Annunciation - Fra Angelico.jpg,History Genre
The Birth of Venus - Botticelli.jpg,History Genre
The Creation of Adam - Michelangelo.jpg,History Genre
The Crowning wiht Thorns - Titian.jpg,History Genre
The Damned Cast into Hell - Signorelli.jpg,History Genre
The Last Judgement - Michelangelo.jpg,History Genre
The Last Supper - da Vinci.jpg,History Genre
The Sistine Madonna - Raphael.jpg,History Genre
The Tempest - Giorgione.jpg,Genre
The tower of babel - Bruegel.jpg,Landscape
The virgin and child with saint and donor - david.jpg,History Genre
Three Philosophers - Giorgione.jpg,Genre
Two Witches - Grien.jpg,Genre
Archduchess Marie Antionette Queen of France - LeBrun.jpg,Portraiture
Boy with a Spinning Top - Chardin.jpg,Genre
Charles III Dining Before the Court - Prado.jpg,Genre
Cupid and Psyche - West.jpg,Genre
Diana after a bath - Boucher.jpg,Genre
Diana After the Hunt - Boucher.jpg,Genre
Dresden - Bellotto.jpg,Landscape
Elizabeth Trubetskaya.jpg,Portraiture
Hercules and Omphale.jpg,Genre
La Toilette de Venus - Boucher.jpg,Genre
Les Plaisirs du Bal - Watteau.jpg,Genre
Luncheon with Ham - Lancret.jpg,Genre
Madame Bergeret - Francois.jpg,Portraiture
Madame de Pompadour - Boucher.jpg,Portraiture
Marie Antoinette and Her Children - Le Brun.jpg,Portraiture
Marrigae a la mode - Hogarth.jpg,Genre
Mr and Mrs William Hallett - Gainsborough.jpg,Portraiture
Mrs Richard Brinsley Sheridan - Gainsborough.jpg,Portraiture
Mrs Sarah Siddons - Gainsborough.jpg,Portraiture
Piazza San Marco - Canaletto.jpg,Landscape
Pierrot - Watteau.jpg,Genre
Pilgrimage to Cythera - Watteau.jpg,Genre
Portrait of Louis XV - Ranc.jpg,Portraiture
Portrait of Prokofiy Demidov - Levitsky.jpg,Portraiture
Satan Sin and Death - Hogarth.jpg,History Genre
Self Portrait with Straw Hat - Le Brun.jpg,Portraiture
Soap Bubbles - Chardin.jpg,Genre
The Archers - Reynolds.jpg,Genre
The Banquet of Cleopatra - Tiepolo.jpg,History Genre
The Bathers - Fragonard.jpg,Genre
The Blue Boy - Gainsborough.jpg,Portraiture
The Declaration of Love - de Troy.jpg,Genre
The Entrance to the Grand Canal Venice - Canaletto.jpg,Landscape
The Fountain of Love - Fragonard.jpg,History Genre
The Gate of Calais - Hogarth.jpg,Genre
The Graham Children - Hogarth.jpg,Portraiture
The Honorable Mrs Graham.jpg,Portraiture
The Ladies Waldegrave - Reynolds.jpg,Portraiture
The Lock - Fragonard.jpg,Genre
The Prearranged Flight - Fragonard.jpg,Genre
The Progress of Love The Pursuit - Fragonard.jpg,Genre
The Progress of Love.jpg,Genre
The Scale of Love- Watteau.jpg,Genre
The Stolen Kiss - Fragonard.jpg,Genre
The Toilet of Venus Boucher.jpg,Genre
The Triumph of Venice - Pompeo.jpg,History Genre
The Triumph of Venus - Boucher.jpg,Genre
The Village Bride - Greuze.jpg,Genre
The Swing - Fragonard.jpeg,Genre
Alyonushka.jpg,History Genre
Charles IV of Spain and His Family - Goyta.jpg,Portraiture
Christ on the Sea of Galilee - Delacroix.jpg,History Genre
Dido building Carthage - Turner.jpg,Landscape
Entry of the Crusaders in Constantinople - Delacroix.jpg,History Genre
Fishermen at Sea - Turner.jpg,Genre
Hylas and the Nymphs - Waterhouse.jpg,History Genre
Jewish wedding in Morocco - Delacroix.jpg,Genre
Knight at the Crossroads - Vasnetsov.jpg,History Genre
La maja desnuda - Goya.jpg,Genre
Lady Lilith - Rossetti.jpg,Portraiture
Medea - Delacroix.jpg,History Genre
Modern Rome - Turner.jpg,Landscape
Saturn Devouring one of his Sons - Lucientes.jpg,History Genre
Self-portrait with Dr Arrieta - Goya.jpg,Portraiture
Snow Storm - Turner.jpg,Landscape
The Abbey in the Oakwood - Friedrich.jpg,Landscape
The Barque of Dante - Delacroix.jpg,History Genre
The Battle of Trafalgar - Turner.jpg,History Genre
The Black Duchess - Goya.jpg,Portraiture
The Burning of the Houses of Parliament - Turner.jpg,Landscape
The Charging Chasseur - Gericault.jpg,Genre
The Clothed Maja - Goya.jpg,Genre
The Colossus - Goya.jpg,Genre
The Death of Sardanapalus - Delacroix.jpg,History Genre
The Desperate Man - Courbet.jpg,Portraiture
The Family of Infante Don Luis - Goya.jpg,Portraiture
The Fighting Temeraire - Turner.jpg,Genre
The Hay Wain - Constable.jpg,Landscape
The Kiss - Hayez.jpg,Genre
The Lonely Tree - Friedrich.jpg,Landscape
The Massacre at Chios - Delacroix.jpg,History Genre
The Monk by the Sea - Friedrich.jpg,Genre
The Nightmare - Fuseli.jpg,Genre
The Ninth Wave - Aivazovsky.jpg,Landscape
The Sea of Ice - Friedrich.jpg,Landscape
The Second of May 1808 - Goya.jpg,History Genre
The Shipwreck - Turner.jpg,Genre
The Slave Ship - Turner.jpg,History Genre
The Third of May 1808 - Goya.jpg,History Genre
Watson and the Shark - Copley.jpg,History Genre
Witches' Flight - Goya.jpg,Genre
Witches' Sabbath - Goya.jpg,Genre
Wreckers Coast of Northumberland - Turner.jpg,History Genre
Bridal Procession on the  Hardangerfjord - Gude.jpeg,Genre
Chalk Cliffs on Rugen - Friedrich.jpeg,Genre
Lady Libert Leading the People - Delocroix.jpeg,History Genre
The Raft of the Medusa - Geriacault.jpeg,History Genre
Wanderer above the sea of fog - Friedrich.jpeg,Genre
A dream caused by the flight of a bee - Dal.jpg,Genre
Apparition of Face and Fruit Dish on a Beach - Dali.jpg,Landscape
Battle of Fishes - Masson.jpg,
Christ of St John of the Cross - Dali.jpg,History Genre
Elephants - Dali.jpg,Genre
Europe after the Rain II - Ernst.jpg,Landscape
Galatea of the Spheres - Dali.jpg,Portraiture
Geopoliticus Child Watching the Birth of the New Man - Dali.jpg,Genre
Girl with Death Mask - Kahlo.jpg,Portraiture
Golconda - Magritte.jpg,Genre
Grandma Moorheads aromatic cuisine - Carrington.jpg,Genre
Hand with Reflecting Mirror - Escher.jpg,Portraiture
Harlequin's Carnival - Miro.jpg,Genre
Landscape - Breton.jpg,Genre
Mama Papa is Wounded - Tanguy.jpg,Genre
Man in a Bowler Hat - Magritte.jpg,Portraiture
Marxism will heal the sick - Kahlo.jpg,Genre
Melting Watch - Dali.jpg,Genre
Metamorphosis of Narcissus - Dali.jpg,History Genre
Not to be Reproduced - Magritte.jpg,Genre
Persistence of Memory - Dali.jpg,Landscape
Philosopher's Lamp - Magritte.jpg,Portraiture
Self Portrait - Carrington.jpg,Portraiture
Swans Reflecting Elephants - Dali.jpg,Genre
The Anti-pope - Ernst.jpg,Genre
The Barbarians - Ernst.jpg,Genre
The Burning Giraffe - Dali.jpg,Genre
The Castle of the Pyrenees - Magritte.jpg,Landscape
The Disintegration of the Persistence of Memory - Dali.jpg,Landscape
The Elephant Celebes - Ernst.jpg,Genre
The Giantess - Carrington.jpg,Portraiture
The Great Masturbator - Dali.jpg,Genre
The Lovers - Magritte.jpg,Genre
The Menaced Assassin - Magritte.jpg,Genre
The Sacrament of the Last Supper - Dali.jpg,History Genre
The Son of Man - Magritte.jpg,Portraiture
The Temptation of St Anthony - Dali.jpg,History Genre
The Treachery of Images - Magritte.jpg,Still life
The Triumph of Surrealism - Ernst.jpg,Portraiture
Tilled Field - Miro.jpg,Landscape
Time Transfixed - Magritte.jpg,Genre
Tuna Fishing - Dali.jpg,Genre
White Crucifixion - Chagall.jpg,History Genre
Without Hope - Kahlo.jpg,Portraiture
Woman Old Man and Flower - Ernst.jpg,Genre
Portrait of Max Ernst - Carrington.jpeg,Portraiture
The Broken Column - Kahlo.jpeg,Portraiture
The Hallucinogenic Toreador - Dali.jpeg,Landscape
The Robing of the Bride - Ernst.jpeg,Genre
Random0.jpg,
Random1.jpg,
Random10.jpg,
Random11.jpg,
Random12.jpg,
Random13.jpg,
Random14.jpg,
Random15.jpg,
Random16.jpg,
Random17.jpg,
Random18.jpg,
Random19.jpg,
Random2.jpg,
Random20.jpg,
Random21.jpg,
Random22.jpg,
Random23.jpg,
Random24.jpg,
Random25.jpg,
Random26.jpg,
Random27.jpg,
Random28.jpg,
Random29.jpg,
Random3.jpg,
Random30.jpg,
Random31.jpg,
Random32.jpg,
Random33.jpg,
Random34.jpg,
Random35.jpg,
Random36.jpg,
Random37.jpg,
Random38.jpg,
Random39.jpg,
Random4.jpg,
Random40.jpg,
Random41.jpg,
Random42.jpg,
Random43.jpg,
Random44.jpg,
Random45.jpg,
Random46.jpg,
Random47.jpg,
Random48.jpg,
Random5.jpg,
Random6.jpg,
Random7.jpg,
Random8.jpg,
Random9.jpg,
RandomShapes0.jpg,
RandomShapes1.jpg,
RandomShapes10.jpg,
RandomShapes11.jpg,
RandomShapes12.jpg,
RandomShapes13.jpg,
RandomShapes14.jpg,
RandomShapes15.jpg,
RandomShapes16.jpg,
RandomShapes17.jpg,
RandomShapes18.jpg,
RandomShapes19.jpg,
RandomShapes2.jpg,
RandomShapes20.jpg,
RandomShapes21.jpg,
RandomShapes22.jpg,
RandomShapes23.jpg,
RandomShapes24.jpg,
RandomShapes25.jpg,
RandomShapes26.jpg,
RandomShapes27.jpg,
RandomShapes28.jpg,
RandomShapes29.jpg,
RandomShapes3.jpg,
RandomShapes30.jpg,
RandomShapes31.jpg,
RandomShapes32.jpg,
RandomShapes33.jpg,
RandomShapes34.jpg,
RandomShapes35.jpg,
RandomShapes36.jpg,
RandomShapes37.jpg,
RandomShapes38.jpg,
RandomShapes39.jpg,
RandomShapes4.jpg,
RandomShapes40.jpg,
RandomShapes41.jpg,
RandomShapes42.jpg,
RandomShapes43.jpg,
RandomShapes44.jpg,
RandomShapes45.jpg,
RandomShapes46.jpg,
RandomShapes47.jpg,
RandomShapes48.jpg,
RandomShapes5.jpg,
RandomShapes6.jpg,
RandomShapes7.jpg,
RandomShapes8.jpg,
RandomShapes9.jpg,
uniform0.jpg,
uniform1.jpg,
uniform10.jpg,
uniform11.jpg,
uniform12.jpg,
uniform13.jpg,
uniform14.jpg,
uniform15.jpg,
uniform16.jpg,
uniform17.jpg,
uniform18.jpg,
uniform19.jpg,
uniform2.jpg,
uniform20.jpg,
uniform21.jpg,
uniform22.jpg,
uniform23.jpg,
uniform24.jpg,
uniform25.jpg,
uniform26.jpg,
uniform27.jpg,
uniform28.jpg,
uniform29.jpg,
uniform3.jpg,
uniform30.jpg,
uniform31.jpg,
uniform32.jpg,
uniform33.jpg,
uniform34.jpg,
uniform35.jpg,
uniform37.jpg,
uniform38.jpg,
uniform39.jpg,
uniform4.jpg,
uniform40.jpg,
uniform41.jpg,
uniform42.jpg,
uniform43.jpg,
uniform44.jpg,
uniform45.jpg,
uniform46.jpg,
uniform47.jpg,
uniform48.jpg,
uniform49.jpg,
uniform5.jpg,
uniform6.jpg,
uniform7.jpg,
uniform8.jpg,
uniform9.jpg,
